eiis_code,type,canonical_name,reactor_scope,acronyms,source_standard,notes
AA,system,Control Rod Drive System,BWR|PWR,CRD,IEEE 805-1984,"code also a COMPONENT function (Alarm, Analyzer)"
AB,system,Reactor Coolant System (PWR),PWR,RCS,IEEE 805-1984,"code also a COMPONENT function (Isolator, Analyzer)"
AC,system,Reactor Core System,,,IEEE 805-1984,"code also a COMPONENT function (Control, Analyzer)"
AD,system,Reactor Recirculation System (BWR),BWR,RR,IEEE 805-1984,
BA,system,Auxiliary/Emergency Feedwater System (PWR),PWR,AFW|EFW,IEEE 805-1984,
BB,system,Containment Combustible Gas Control System,,,IEEE 805-1984,
BC,system,Containment Ice Condenser System (PWR),PWR,,IEEE 805-1984,
BD,system,Containment Leakage Control System,,,IEEE 805-1984,code also a COMPONENT function (Board (Panel))
BE,system,Containment Spray System (PWR),PWR,CSS,IEEE 805-1984,"code also a COMPONENT function (Primary Element, Burner)"
BF,system,Containment Vacuum Relief System,,,IEEE 805-1984,
BG,system,High Pressure Core Spray System (BWR),BWR,HPCS,IEEE 805-1984,
BH,system,Emergency/Standby Gas Treatment System,,SGTS,IEEE 805-1984,
BI,system,Essential Service Water System,,ESW,IEEE 805-1984,
BJ,system,High Pressure Coolant Injection System (BWR),BWR,HPCI,IEEE 805-1984,
BK,system,Containment Fan Cooling System (PWR),PWR,,IEEE 805-1984,
BL,system,Isolation Condenser System (BWR),BWR,IC,IEEE 805-1984,acronym 'IC' collides with EIIS system code IC (Fire Detection System)
BM,system,Low Pressure Core Spray System (BWR),BWR,LPCS,IEEE 805-1984,code also a COMPONENT function (Brine Maker)
BN,system,Reactor Core Isolation Cooling System (BWR),BWR,RCIC,IEEE 805-1984,
BO,system,Residual Heat Removal/Low Pressure Coolant Injection System (BWR),BWR,RHR|LPCI,IEEE 805-1984,single EIIS system covers both RHR and LPCI in BWRs
BP,system,Residual Heat Removal/Low Pressure Safety Injection System (PWR),PWR,RHR|LPSI,IEEE 805-1984,
BQ,system,High Pressure Safety Injection System (PWR),PWR,HPSI,IEEE 805-1984,
BR,system,Standby Liquid Control System (BWR),BWR,SLC,IEEE 805-1984,
BS,system,Ultimate Heat Sink System,,UHS,IEEE 805-1984,
BT,system,Suppression Pool Makeup System (BWR),BWR,SPMU,IEEE 805-1984,
CA,system,Boron Recycle System (PWR),PWR,,IEEE 805-1984,"code also a COMPONENT function (Alarm, Conductivity)"
CB,system,Chemical and Volume Control/Makeup and Purification System (WR),,,IEEE 805-1984,"code also a COMPONENT function (Isolator, Conductivity)"
CC,system,Closed/Component Cooling Water System,,CCW,IEEE 805-1984,"code also a COMPONENT function (Control, Conductivity)"
CD,system,Control Rod Drive Cooling System (PWR),PWR,CRD,IEEE 805-1984,
CE,system,Reactor Water Cleanup System (BWR),BWR,RWCU,IEEE 805-1984,"code also a COMPONENT function (Primary Element, Conductivity)"
CF,system,Reactor Services System,,,IEEE 805-1984,
CG,system,Suppression Pool Purification System (BWR),BWR,,IEEE 805-1984,
DA,system,Fuel Pool Cooling and Purification System,,,IEEE 805-1984,
DB,system,Nuclear Fuel Services System,,,IEEE 805-1984,
DC,system,Diesel Fuel Oil System,,,IEEE 805-1984,
DE,system,"Fuel Oil Receiving, Storage, and Transfer System",,,IEEE 805-1984,
DF,system,Nuclear Fuel Transfer System,,,IEEE 805-1984,
DR,system,"Fuel Oil Receiving Storage, and Transfer System",,,IEEE 805-1984,code also a COMPONENT function (Door)
EA,system,Medium-Voltage Power System (601V through 35 kV),,,IEEE 805-1984,"code also a COMPONENT function (Alarm, Voltage)"
EB,system,Medium-Voltage Power System—Class 1E,,,IEEE 805-1984,"code also a COMPONENT function (Isolator, Voltage)"
EC,system,Low-Voltage Power System (600V and less),,,IEEE 805-1984,"code also a COMPONENT function (Control, Voltage)"
ED,system,Low-Voltage Power System—Class 1E,,,IEEE 805-1984,
EE,system,Instrument and Uninterruptible Power System,,,IEEE 805-1984,"code also a COMPONENT function (Primary Element, Voltage)"
EF,system,Instrument and Uninterruptible Power System—Class 1E,,,IEEE 805-1984,
EI,system,DC Power System,,,IEEE 805-1984,"code also a COMPONENT function (Voltmeter (See: Indicator, Voltage))"
EJ,system,DC Power System—Class 1E,,,IEEE 805-1984,
EK,system,Emergency Onsite Power Supply System,,,IEEE 805-1984,
EL,system,Main Generator Output Power System,,,IEEE 805-1984,
FA,system,Cable Raceway System,,,IEEE 805-1984,"code also a COMPONENT function (Alarm, Flow)"
FB,system,Cathodic Protection System,,,IEEE 805-1984,"code also a COMPONENT function (Isolator, Flow)"
FC,system,Grounding and Lightning Protection System,,,IEEE 805-1984,"code also a COMPONENT function (Control, Flow)"
FD,system,Heat Tracing System,,,IEEE 805-1984,
FE,system,Heat Tracing System—Class 1E,,,IEEE 805-1984,"code also a COMPONENT function (Primary Element, Flow)"
FF,system,Normal AC Lighting System,,,IEEE 805-1984,
FG,system,Standby AC Lighting System,,,IEEE 805-1984,"code also a COMPONENT function (Sight Glass, Flow)"
FH,system,Emergency DC Lighting System,,,IEEE 805-1984,
FI,system,Communications System,,,IEEE 805-1984,"code also a COMPONENT function (Indicator, Flow)"
FJ,system,Station Generation Telemetering System,,,IEEE 805-1984,
FK,system,Switchyard System,,,IEEE 805-1984,
IA,system,Security System,,,IEEE 805-1984,"code also a COMPONENT function (Alarm, Current)"
IB,system,Annunciator System,,,IEEE 805-1984,"code also a COMPONENT function (Isolator, Current)"
IC,system,Fire Detection System,,,IEEE 805-1984,"code also a COMPONENT function (Control, Current)"
ID,system,Computer System,,,IEEE 805-1984,
IG,system,Incore/Excore Monitoring System,,,IEEE 805-1984,
IH,system,Core Vibration Monitoring System,,,IEEE 805-1984,
II,system,Loose Parts Monitoring System,,,IEEE 805-1984,"code also a COMPONENT function (Indicator, Current)"
IJ,system,Leak Monitoring System,,,IEEE 805-1984,
IK,system,Containment Environmental Monitoring System,,,IEEE 805-1984,
IL,system,Radiation Monitoring System,,,IEEE 805-1984,"code also a COMPONENT function (Light, Indicator)"
IM,system,Temperature Monitoring System,,,IEEE 805-1984,"code also a COMPONENT function (Modifier, Current)"
IN,system,Seismic Monitoring System,,,IEEE 805-1984,
IO,system,Performance Monitoring System,,,IEEE 805-1984,
IP,system,Post Accident Monitoring System,,,IEEE 805-1984,
IQ,system,Sequence of Events Monitoring System,,,IEEE 805-1984,"code also a COMPONENT function (Totalizer, Current)"
IR,system,Television System,,,IEEE 805-1984,"code also a COMPONENT function (Recorder, Current)"
IS,system,Environmental/Meteorological Monitoring System (Ex PLT),,,IEEE 805-1984,"code also a COMPONENT function (Switch, Current)"
IT,system,Main Turbine Instrumentation System,,,IEEE 805-1984,"code also a COMPONENT function (Transmitter, Current)"
IU,system,Display Control System,,,IEEE 805-1984,
IV,system,Vibration Monitoring System,,,IEEE 805-1984,
JA,system,Integrated Control System,,,IEEE 805-1984,"code also a COMPONENT function (Alarm, Power)"
JB,system,Feedwater/Steam Generator Water Level Control System,,,IEEE 805-1984,
JC,system,Plant Protection System,,,IEEE 805-1984,"code also a COMPONENT function (Control, Power)"
JD,system,Reactor Power Control System,,,IEEE 805-1984,
JE,system,Engineered Safety Features Actuation System,,,IEEE 805-1984,
JG,system,Solid State Control System/Auxiliary Logic Control System,,,IEEE 805-1984,
JI,system,Turbine Steam Bypass Control System,,,IEEE 805-1984,"code also a COMPONENT function (Wattmeter (See: Indicator, Power))"
JJ,system,Turbine Supervisory Control System,,,IEEE 805-1984,
JK,system,Feedwater Pump Turbine Instrumentation and Control System,,,IEEE 805-1984,
JL,system,Panels System,,,IEEE 805-1984,
JM,system,Containment Isolation Control System,,,IEEE 805-1984,"code also a COMPONENT function (Modifier, Power)"
KA,system,Condensate Storage and Transfer System,,,IEEE 805-1984,
KB,system,Turbine Building Closed Cooling Water System,,,IEEE 805-1984,
KC,system,Demineralized Water Storage and Transfer System,,,IEEE 805-1984,
KD,system,Condensate and Feedwater Chemistry Control System,,,IEEE 805-1984,
KE,system,Heat Rejection System,,,IEEE 805-1984,
KF,system,Heat Rejection Chemical Treatment System,,,IEEE 805-1984,
KG,system,Nonessential Service Water System,,,IEEE 805-1984,
KH,system,Water Filtration System,,,IEEE 805-1984,
KI,system,Raw Water Makeup System,,,IEEE 805-1984,"code also a COMPONENT function (Indicator, Time)"
KJ,system,Makeup Demineralizer System,,,IEEE 805-1984,
KK,system,Potable Water Distribution System,,,IEEE 805-1984,
KL,system,Removable Chemical Cleaning System,,,IEEE 805-1984,
KM,system,Chilled Water System,,,IEEE 805-1984,
KN,system,Sampling and Water Quality System,,,IEEE 805-1984,
KO,system,Gland Seal Water Supply System,,,IEEE 805-1984,
KP,system,Fire Protection System (Water),,,IEEE 805-1984,
KQ,system,Fire Protection System (Chemical),,,IEEE 805-1984,"code also a COMPONENT function (Totalizer, Time)"
LA,system,Diesel Lube Oil System,,,IEEE 805-1984,"code also a COMPONENT function (Alarm, Level)"
LB,system,Diesel Cooling Water System,,,IEEE 805-1984,"code also a COMPONENT function (Isolator, Level)"
LC,system,Diesel Generator Starting Air System,,,IEEE 805-1984,"code also a COMPONENT function (Control, Level)"
LD,system,Instrument Air Supply System,,,IEEE 805-1984,
LE,system,Essential Air System,,,IEEE 805-1984,"code also a COMPONENT function (Primary Element, Level)"
LF,system,Service Air System,,,IEEE 805-1984,code also a COMPONENT function (Lighting Fixture)
LG,system,Welding Gas System,,,IEEE 805-1984,"code also a COMPONENT function (Sight Glass, Level)"
LH,system,Breathing Air System,,,IEEE 805-1984,
LJ,system,Hydrogen Supply System,,,IEEE 805-1984,
LK,system,Nitrogen Supply System,,,IEEE 805-1984,
LL,system,Lube Oil System,,,IEEE 805-1984,
LM,system,Lube Oil Storage and Transfer System,,,IEEE 805-1984,"code also a COMPONENT function (Modifier, Level)"
LN,system,Insulating Oil System,,,IEEE 805-1984,
LP,system,Laboratory Gas System,,,IEEE 805-1984,
LQ,system,Laboratory Equipment System,,,IEEE 805-1984,
LR,system,Material and Equipment Handling System,,,IEEE 805-1984,"code also a COMPONENT function (Recorder, Level)"
LS,system,Plant Shop System,,,IEEE 805-1984,"code also a COMPONENT function (Switch, Level)"
LT,system,Record Storage System,,,IEEE 805-1984,"code also a COMPONENT function (Transmitter, Level)"
LU,system,Yard Handling and Maintenance System,,,IEEE 805-1984,code also a COMPONENT function (Lubricator)
LV,system,Plant Hot Water System,,,IEEE 805-1984,code also a COMPONENT function (Louver)
LW,system,Carbon Dioxide (CO2) Supply System,,,IEEE 805-1984,
MA,system,Administration Building,,,IEEE 805-1984,"code also a COMPONENT function (Alarm, Moisture)"
MB,system,Industrial/Sanitary Waste Treatment Building,,,IEEE 805-1984,"code also a COMPONENT function (Isolator, Moisture)"
MC,system,Maintenance and Warehouse Building,,,IEEE 805-1984,"code also a COMPONENT function (Control, Moisture)"
MD,system,Makeup Water Intake Structure,,,IEEE 805-1984,
MF,system,Service Building,,,IEEE 805-1984,
MG,system,Wastewater Outfall Structure,,,IEEE 805-1984,"code also a COMPONENT function (Generator Set, Motor)"
MH,system,Water Treatment Building,,,IEEE 805-1984,code also a COMPONENT function (Manhole)
MJ,system,Visitors Center,,,IEEE 805-1984,
MK,system,Essential Service Water Pump Building,,,IEEE 805-1984,
NA,system,Control Building/Control Complex,,,IEEE 805-1984,
NB,system,Emergency Onsite Power Supply Building,,,IEEE 805-1984,
NC,system,Emergency Operations Facility (Offsite),,,IEEE 805-1984,
ND,system,Fuel Building,,,IEEE 805-1984,
NE,system,Radwaste Building,,,IEEE 805-1984,
NF,system,Auxiliary Building,,,IEEE 805-1984,
NG,system,Reactor Building (BWR),BWR,,IEEE 805-1984,
NH,system,Reactor Containment Building,,,IEEE 805-1984,
NM,system,Turbine Building,,,IEEE 805-1984,
NN,system,Circulating Water Structures,,,IEEE 805-1984,
SA,system,Auxiliary Steam System,,,IEEE 805-1984,"code also a COMPONENT function (Alarm, speed)"
SB,system,Main/Reheat Steam System,,MS,IEEE 805-1984,"code also a COMPONENT function (Isolator, Speed)"
SD,system,Condensate System,,,IEEE 805-1984,code also a COMPONENT function (Steam Drum)
SE,system,Steam Extraction System,,,IEEE 805-1984,"code also a COMPONENT function (Primary Element, Speed)"
SF,system,Condensate Demineralizer System,,,IEEE 805-1984,
SG,system,Condenser System,,,IEEE 805-1984,"code also a COMPONENT function (Generator, Steam)"
SH,system,Condenser Vacuum System,,,IEEE 805-1984,code also a COMPONENT function (Superheater)
SI,system,Condenser Tube Cleaning System,,,IEEE 805-1984,"code also a COMPONENT function (Indicator, Speed)"
SJ,system,Feedwater System,,FW,IEEE 805-1984,
SK,system,Feedwater Pump Injection and Miscellaneous System,,,IEEE 805-1984,
SL,system,Feedwater Pump Turbine Lube Oil System,,,IEEE 805-1984,
SM,system,LP Heater Drains and Vents System,,,IEEE 805-1984,"code also a COMPONENT function (Modifier, Speed)"
SN,system,HP Heater and MSR Drains and Vents System,,,IEEE 805-1984,
TA,system,Main Turbine System,,,IEEE 805-1984,"code also a COMPONENT function (Alarm, Temperature)"
TB,system,Main Generator System,,,IEEE 805-1984,"code also a COMPONENT function (Isolator, Temperature)"
TC,system,Turbine Steam Seal System,,,IEEE 805-1984,"code also a COMPONENT function (Control, Temperature)"
TD,system,Turbine Lube Oil System,,,IEEE 805-1984,code also a COMPONENT function (Transducer 21 IEEE)
TE,system,Miscellaneous Turbine Vents System,,,IEEE 805-1984,"code also a COMPONENT function (Primary Element, Temperature)"
TF,system,Turbine Drains and Miscellaneous Piping System,,,IEEE 805-1984,
TG,system,Main Turbine Control Fluid System,,,IEEE 805-1984,"code also a COMPONENT function (Generator, Turbine)"
TH,system,Main Generator Gas Purge System,,,IEEE 805-1984,code also a COMPONENT function (Thermostat)
TI,system,Main Generator Seal Oil System,,,IEEE 805-1984,"code also a COMPONENT function (Indicator, Temperature)"
TJ,system,Main Generator Stator Cooling System,,,IEEE 805-1984,
TK,system,Main Generator Hydrogen Cooling System,,,IEEE 805-1984,code also a COMPONENT function (Tank)
TL,system,Main Generator Excitation System,,,IEEE 805-1984,
UA,system,Pumping Station Environmental Control System,,,IEEE 805-1984,
UB,system,Water Treatment Building Environmental Control System,,,IEEE 805-1984,
UC,system,Service Building Environmental Control System,,,IEEE 805-1984,
UD,system,Administration Building Environmental Control System,,,IEEE 805-1984,
UE,system,Security Building Environmental Control System,,,IEEE 805-1984,
UF,system,Technical Support Center Environmental Control System,,,IEEE 805-1984,
UG,system,Emergency Operations Facility Environmental Control System,,,IEEE 805-1984,
UH,system,Visitors Center Environmental Control System,,,IEEE 805-1984,
VA,system,Reactor Building Environmental Control System,,,IEEE 805-1984,"code also a COMPONENT function (Alarm, Vibration)"
VB,system,Drywell Environmental Control System (BWR),BWR,,IEEE 805-1984,"code also a COMPONENT function (Isolator, Vibration)"
VC,system,Shield Annulus Return and Exhaust System,,,IEEE 805-1984,
VE,system,Access Corridors Environmental Control System,,,IEEE 805-1984,"code also a COMPONENT function (Primary Element, Vibration)"
VF,system,Auxiliary Building Environmental Control System,,,IEEE 805-1984,
VG,system,Fuel Building Environmental Control System,,,IEEE 805-1984,
VH,system,Radwaste Building Environmental Control System,,,IEEE 805-1984,
VI,system,Control Building/Control Complex Environmental Control System,,,IEEE 805-1984,"code also a COMPONENT function (Indicator, Vibration)"
VJ,system,Emergency Onsite Power Supply Building Environmental Control System,,,IEEE 805-1984,
VK,system,Turbine Building Environmental Control System,,,IEEE 805-1984,
VL,system,Plant Exhaust System,,,IEEE 805-1984,
WA,system,Cask Decontamination System,,,IEEE 805-1984,"code also a COMPONENT function (Alarm, Weight or Force)"
WB,system,Solid Waste Management System,,,IEEE 805-1984,"code also a COMPONENT function (Isolator, Weight or Force)"
WD,system,Liquid Waste Management System,,,IEEE 805-1984,
WE,system,Gaseous Waste Management System (PWR),PWR,,IEEE 805-1984,"code also a COMPONENT function (Primary Element, Weight or Force)"
WF,system,Offgas System (BWR),BWR,,IEEE 805-1984,
WG,system,Sanitary Waste Processing System,,,IEEE 805-1984,
WH,system,Wastewater Disposal System,,,IEEE 805-1984,
WI,system,Steam Generator Blowdown System (PWR),PWR,,IEEE 805-1984,"code also a COMPONENT function (Indicator, Weight or Force)"
WJ,system,Sludge Waste Dewatering System,,,IEEE 805-1984,
WK,system,Equipment and Floor Drain System,,,IEEE 805-1984,
1,component,Master Element,,,IEEE C37.2 device no.,
2,component,"Relay, Time-Delay Starting or Closing",,,IEEE C37.2 device no.,
3,component,"Relay, Checking or Interlocking",,,IEEE C37.2 device no.,
4,component,"Contactor, Master",,,IEEE C37.2 device no.,
5,component,"Device, Stopping",,,IEEE C37.2 device no.,
6,component,"Circuit Breaker, Starting",,,IEEE C37.2 device no.,
7,component,"Circuit Breaker, Anode",,,IEEE C37.2 device no.,
8,component,"Device, Control Power Disconnecting",,,IEEE C37.2 device no.,
9,component,"Device, Reversing",,,IEEE C37.2 device no.,
10,component,"Switch, Unit Sequence",,,IEEE C37.2 device no.,
12,component,"Device, Overspeed",,,IEEE C37.2 device no.,
13,component,"Device, Synchronous Speed",,,IEEE C37.2 device no.,
14,component,"Device, Underspeed",,,IEEE C37.2 device no.,
15,component,"Device, Speed or Frequency Matching",,,IEEE C37.2 device no.,
17,component,"Switch, Shunting or Discharge",,,IEEE C37.2 device no.,
18A,component,"Device, Accelerating",,,IEEE C37.2 device no.,
18D,component,"Device, Decelerating",,,IEEE C37.2 device no.,
19,component,"Contactor, Starting-To-Running Transition",,,IEEE C37.2 device no.,
20,component,"Valve, Electrically Operated",,,IEEE C37.2 device no.,
21,component,"Relay, Distance",,,IEEE C37.2 device no.,
22,component,"Circuit Breaker, Equalizer",,,IEEE C37.2 device no.,
23,component,"Device, Temperature Control",,,IEEE C37.2 device no.,
24,component,"Relay, Static Breaker Failure",,,IEEE C37.2 device no.,
25,component,Synchronizing or Synchronism-Check Drive,,,IEEE C37.2 device no.,
26,component,"Device, Apparatus Thermal",,,IEEE C37.2 device no.,
27,component,"Relay, Undervoltage",,,IEEE C37.2 device no.,
28,component,"Detector, Flame",,,IEEE C37.2 device no.,
29,component,"Contactor, Isolating",,,IEEE C37.2 device no.,
30,component,"Relay, Annunciator",,,IEEE C37.2 device no.,
31,component,"Device, Separate Excitation",,,IEEE C37.2 device no.,
32,component,"Relay, Directional Power",,,IEEE C37.2 device no.,
33,component,"Switch, Position Measuring",,,IEEE C37.2 device no.,
34,component,"Device, Master Sequence",,,IEEE C37.2 device no.,
35,component,"Device, Brush-Operating or Slip-Ring Short",,,IEEE C37.2 device no.,
36,component,"Device, Polarity or Polarizing Voltage",,,IEEE C37.2 device no.,
37,component,"Relay, Undercurrent or Underpower",,,IEEE C37.2 device no.,
38,component,"Device, Bearing Protective Transfer",,,IEEE C37.2 device no.,
39,component,"Monitor, Mechanical Condition",,,IEEE C37.2 device no.,
40,component,"Relay, Field",,,IEEE C37.2 device no.,
41,component,"Circuit Breaker, Field",,,IEEE C37.2 device no.,
42,component,"Circuit Breaker, Running",,,IEEE C37.2 device no.,
43,component,"Device, Manual Trans/Select",,,IEEE C37.2 device no.,
44,component,"Relay, Unit Sequence Starting",,,IEEE C37.2 device no.,
45,component,"Monitor, Atmospheric Condition",,,IEEE C37.2 device no.,
46,component,"Relay, Phase-Balance Current or Reverse-",,,IEEE C37.2 device no.,
47,component,"Relay, Phase-Sequence Voltage",,,IEEE C37.2 device no.,
48,component,"Relay, Incomplete Sequence",,,IEEE C37.2 device no.,
49,component,"Relay, Machine or Transformer Thermal",,,IEEE C37.2 device no.,
50,component,"Relay, Instantaneous Overcurrent (OC)",,,IEEE C37.2 device no.,
51,component,"Relay, AC Time Overcurrent",,,IEEE C37.2 device no.,
52,component,"Circuit Breaker, AC",,,IEEE C37.2 device no.,
53,component,"Relay, Exciter or DC Generator",,,IEEE C37.2 device no.,
55,component,"Relay, Power Factor",,,IEEE C37.2 device no.,
56,component,"Relay, Field Application",,,IEEE C37.2 device no.,
57,component,"Device, Short-Circuiting or Grounding",,,IEEE C37.2 device no.,
58,component,"Relay, Rectifier Failure",,,IEEE C37.2 device no.,
59,component,"Relay, Overvoltage",,,IEEE C37.2 device no.,
60,component,"Relay, Voltage or Current Balance",,,IEEE C37.2 device no.,
61,component,"Relay, Current Balance",,,IEEE C37.2 device no.,
62,component,"Relay, Time-Delay Stopping or Opening",,,IEEE C37.2 device no.,
63,component,"Switch, Pressure",,,IEEE C37.2 device no.,
64,component,"Relay, Ground Detector (Not CT Secondary)",,,IEEE C37.2 device no.,
65,component,Governor,,,IEEE C37.2 device no.,
66,component,"Device, Notching or Jogging",,,IEEE C37.2 device no.,
67,component,"Relay, AC Directional Overcurrent",,,IEEE C37.2 device no.,
68,component,"Relay, Blocking",,,IEEE C37.2 device no.,
69,component,"Control Device, Permissive",,,IEEE C37.2 device no.,
70,component,Rheostat,,,IEEE C37.2 device no.,
71,component,"Switch, Level",,,IEEE C37.2 device no.,
72,component,"Circuit Breaker, DC",,,IEEE C37.2 device no.,
73,component,"Contactor, Load-Resistor",,,IEEE C37.2 device no.,
74,component,"Relay, Alarm",,,IEEE C37.2 device no.,
75,component,"Mechanism, Position Changing",,,IEEE C37.2 device no.,
76,component,"Relay, DC Overcurrent",,,IEEE C37.2 device no.,
77,component,"Transmitter, Pulse",,,IEEE C37.2 device no.,
78,component,"Relay, Out-of-Step Protective or Phase-Angle",,,IEEE C37.2 device no.,
79,component,"Relay, AC Reclosing",,,IEEE C37.2 device no.,
80,component,"Switch, Flow",,,IEEE C37.2 device no.,
82,component,"Relay, DC Reclosing",,,IEEE C37.2 device no.,
83,component,"Relay, Automatic Selective Control or",,,IEEE C37.2 device no.,
84,component,Operating Mechanism,,,IEEE C37.2 device no.,
85,component,"Relay, Carrier/Pilot-Wire Receiver",,,IEEE C37.2 device no.,
86,component,"Relay, Locking-Out",,,IEEE C37.2 device no.,
87,component,"Relay, Differential Protective",,,IEEE C37.2 device no.,
88,component,"Generator, Auxiliary Motor or Motor",,,IEEE C37.2 device no.,
89,component,"Switch, Line",,,IEEE C37.2 device no.,
90,component,Regulating Device,,,IEEE C37.2 device no.,
91,component,"Relay, Voltage Directional 14 IEEE",,,IEEE C37.2 device no.,
93,component,"Contactor, Field Changing",,,IEEE C37.2 device no.,
94,component,"Relay, Tripping",,,IEEE C37.2 device no.,
95,component,"Relay, Phase Discordance Handling Unit",,,IEEE C37.2 device no.,
AA,component,"Alarm, Analyzer",,,ISA S5.1-1984,code also a SYSTEM (Control Rod Drive System)
AB,component,"Isolator, Analyzer",,,ISA S5.1-1984,code also a SYSTEM (Reactor Coolant System (PWR))
ABLR,component,"Boiler, Auxiliary",,,IEEE 803.1-1992,
ABS,component,Absorber,,,IEEE 803.1-1992,
AC,component,"Control, Analyzer",,,ISA S5.1-1984,code also a SYSTEM (Reactor Core System)
ACC,component,Accumulator,,,IEEE 803.1-1992,
ACO,component,"Control Operator, Analyzer",,,IEEE 803.1-1992,
ACU,component,Packaged HVAC Assembly (See: A/C Unit),,,IEEE 803.1-1992,
ACV,component,"Valve, Control, Analyzer",,,ISA S5.1-1984,
ADJ,component,"Adjuster, Rod",,,IEEE 803.1-1992,
ADS,component,Adsorber,,,IEEE 803.1-1992,
AE,component,"Primary Element, Analyzer",,,ISA S5.1-1984,
AER,component,Aerator,,,IEEE 803.1-1992,
AFRG,component,"Regulator, Air Filter",,,IEEE 803.1-1992,
AGT,component,Agitator,,,IEEE 803.1-1992,
AHU,component,Heating and Ventilating Unit (See: Air,,,IEEE 803.1-1992,
AI,component,"Indicator, Analyzer",,,ISA S5.1-1984,
AIC,component,"Control, Indicating, Analyzer",,,ISA S5.1-1984,
AIK,component,"Control Station, Indicating, Analyzer",,,ISA S5.1-1984,
AIR,component,"Recorder, Indicating, Analyzer",,,ISA S5.1-1984,
AIS,component,"Switch, Indicating, Analyzer",,,ISA S5.1-1984,
AIT,component,"Transmitter, Indicating, Analyzer",,,ISA S5.1-1984,
AITS,component,"Switch, Transmitting, Indicating, Analyzer",,,IEEE 803.1-1992,
AL,component,Air Lock,,,IEEE 803.1-1992,
ALM,component,Alarm,,,IEEE 803.1-1992,
ALT,component,Alternater,,,IEEE 803.1-1992,
AM,component,"Modifier, Analyzer",,,IEEE 803.1-1992,
AMP,component,Amplifier,,,IEEE 803.1-1992,
ANC,component,Anchor,,,IEEE 803.1-1992,
ANN,component,Whistle (See: Annunciator),,,IEEE 803.1-1992,
ANO,component,Anode,,,IEEE 803.1-1992,
ANT,component,Antenna,,,IEEE 803.1-1992,
APHT,component,Air Preheater (Gas to Air),,,IEEE 803.1-1992,
AR,component,"Recorder, Analyzer",,,ISA S5.1-1984,
ARC,component,"Control, Recording, Analyzer",,,ISA S5.1-1984,
ARK,component,"Control Station, Recording, Analyzer",,,ISA S5.1-1984,
AS,component,"Switch, Analyzer Than 30 A",,,ISA S5.1-1984,
ASU,component,"Switching Unit, Automatic IEEE",,,IEEE 803.1-1992,
ASV,component,"Valve, Solenoid, Analyzer",,,IEEE 803.1-1992,
AT,component,"Transmitter, Analyzer",,,ISA S5.1-1984,
ATM,component,Attemperator,,,IEEE 803.1-1992,
ATT,component,Attenuator,,,IEEE 803.1-1992,
AY,component,"Relay, Analyzer",,,IEEE 803.1-1992,
BAF,component,Baffle,,,IEEE 803.1-1992,
BAGH,component,Baghouse,,,IEEE 803.1-1992,
BALR,component,Balancer,,,IEEE 803.1-1992,
BAR,component,Barometer,,,IEEE 803.1-1992,
BCS,component,Battery (State of Charge) Condition Sensor,,,IEEE 803.1-1992,
BD,component,Board (Panel),,,IEEE 803.1-1992,code also a SYSTEM (Containment Leakage Control System)
BDMP,component,"Damper, Blocking",,,IEEE 803.1-1992,
BDUC,component,"Duct, Bus",,,IEEE 803.1-1992,
BE,component,"Primary Element, Burner",,,ISA S5.1-1984,code also a SYSTEM (Containment Spray System (PWR))
BEAM,component,Beam,,,IEEE 803.1-1992,
BERM,component,Berm,,,IEEE 803.1-1992,
BFP,component,Backflow Preventer,,,IEEE 803.1-1992,
BHD,component,Bulkhead,,,IEEE 803.1-1992,
BKR,component,Breaker,,,IEEE 803.1-1992,
BLDG,component,Building,,,IEEE 803.1-1992,
BLK,component,Block,,,IEEE 803.1-1992,
BLL,component,Bellows,,,IEEE 803.1-1992,
BLO,component,Blower,,,IEEE 803.1-1992,
BLR,component,Boiler,,,IEEE 803.1-1992,
BLS,component,Ballast,,,IEEE 803.1-1992,
BM,component,Brine Maker,,,IEEE 803.1-1992,code also a SYSTEM (Low Pressure Core Spray System (BWR))
BNR,component,Burner,,,IEEE 803.1-1992,
BRAC,component,Brace,,,IEEE 803.1-1992,
BRDG,component,"Bridge, Structural",,,IEEE 803.1-1992,
BRK,component,Brake,,,IEEE 803.1-1992,
BSKT,component,Basket,,,IEEE 803.1-1992,
BTM,component,Burner Tilt Mechanism,,,IEEE 803.1-1992,
BTRY,component,Battery,,,IEEE 803.1-1992,
BU,component,Bus,,,IEEE 803.1-1992,
BUF,component,Buffer (Isolator) Device,,,IEEE 803.1-1992,
BYBD,component,"Board, Battery",,,IEEE 803.1-1992,
BYC,component,"Charger, Battery",,,IEEE 803.1-1992,
CA,component,"Alarm, Conductivity",,,ISA S5.1-1984,code also a SYSTEM (Boron Recycle System (PWR))
CAB,component,Cabinet,,,IEEE 803.1-1992,
CAL,component,Calorimeter,,,IEEE 803.1-1992,
CAP,component,Capacitor,,,IEEE 803.1-1992,
CB,component,"Isolator, Conductivity",,,ISA S5.1-1984,code also a SYSTEM (Chemical and Volume Control/Makeup and Purification System (WR))
CBD,component,"Board, Control",,,IEEE 803.1-1992,
CBL,component,Cable,,,IEEE 803.1-1992,
CBL1,component,"Cable, Low-Level Signal",,,IEEE 803.1-1992,
CBL2,component,"Cable, Medium-Level Signal",,,IEEE 803.1-1992,
CBL3,component,"Cable, Control and Low-Voltage PWR Less",,,IEEE 803.1-1992,
CBL4,component,"Cable, Low-Voltage Power 15",,,IEEE 803.1-1992,
CBL5,component,"Cable, Medium-Voltage Power",,,IEEE 803.1-1992,
CBST,component,Combustor,,,IEEE 803.1-1992,
CC,component,"Control, Conductivity",,,ISA S5.1-1984,code also a SYSTEM (Closed/Component Cooling Water System)
CCL,component,"Coil, Cooling",,,IEEE 803.1-1992,
CCO,component,"Control Operator, Conductivity",,,IEEE 803.1-1992,
CCV,component,"Valve, Control, Conductivity",,,IEEE 803.1-1992,
CDA,component,"Analyzer, Conductivity",,,IEEE 803.1-1992,
CDMP,component,"Damper, Control",,,IEEE 803.1-1992,
CDT,component,Condulet,,,IEEE 803.1-1992,
CDU,component,Condensing Unit,,,IEEE 803.1-1992,
CDUC,component,Duct Cable,,,IEEE 803.1-1992,
CE,component,"Primary Element, Conductivity",,,ISA S5.1-1984,code also a SYSTEM (Reactor Water Cleanup System (BWR))
CEN,component,Centrifuge,,,IEEE 803.1-1992,
CGEN,component,Chemical Generator,,,IEEE 803.1-1992,
CHA,component,Channel,,,IEEE 803.1-1992,
CHIM,component,Stack (See: Chimney),,,IEEE 803.1-1992,
CHL,component,Chlorinator,,,IEEE 803.1-1992,
CHMA,component,"Analyzer, Chemical",,,IEEE 803.1-1992,
CHT,component,Chute,,,IEEE 803.1-1992,
CHTR,component,"Heater, Combustion",,,IEEE 803.1-1992,
CHU,component,Chiller Unit,,,IEEE 803.1-1992,
CI,component,"Indicator, Conductivity",,,ISA S5.1-1984,
CIC,component,"Control, Indicating, Conductivity",,,ISA S5.1-1984,
CIK,component,"Control Station, Indicating, Conductivity",,,ISA S5.1-1984,
CIS,component,"Switch, Indicating, Conductivity",,,ISA S5.1-1984,
CIT,component,"Transmitter, Indicating, Conductivity",,,ISA S5.1-1984,
CKV,component,"Valve, Check",,,IEEE 803.1-1992,
CL,component,Coil,,,IEEE 803.1-1992,
CLF,component,Clarifier,,,IEEE 803.1-1992,
CLM,component,"Column, Chemical Process",,,IEEE 803.1-1992,
CLN,component,Calciner,,,IEEE 803.1-1992,
CLR,component,Cooler,,,IEEE 803.1-1992,
CLS,component,Classifier,,,IEEE 803.1-1992,
CLU,component,Clutch,,,IEEE 803.1-1992,
CLW,component,Clearwell,,,IEEE 803.1-1992,
CM,component,"Modifier, Conductivity",,,IEEE 803.1-1992,
CMP,component,Compressor,,,IEEE 803.1-1992,
CND,component,Conduit,,,IEEE 803.1-1992,
CNL,component,Canal,,,IEEE 803.1-1992,
CNTR,component,Contactor,,,IEEE 803.1-1992,
CNV,component,Converter,,,IEEE 803.1-1992,
CNVR,component,Conveyor,,,IEEE 803.1-1992,
COAG,component,Coagulator,,,IEEE 803.1-1992,
COL,component,Collector,,,IEEE 803.1-1992,
COLM,component,Column,,,IEEE 803.1-1992,
COMP,component,Compensator,,,IEEE 803.1-1992,
CON,component,Connector,,,IEEE 803.1-1992,
COND,component,Condenser,,,IEEE 803.1-1992,
CPL,component,Coupler,,,IEEE 803.1-1992,
CPLG,component,Coupling,,,IEEE 803.1-1992,
CPOS,component,"Positioner, Car (RR)",,,IEEE 803.1-1992,
CPR,component,Compandor,,,IEEE 803.1-1992,
CPT,component,Compactor,,,IEEE 803.1-1992,
CPU,component,Computer,,,IEEE 803.1-1992,
CR,component,"Recorder, Conductivity",,,ISA S5.1-1984,
CRC,component,"Control, Recording, Conductivity",,,ISA S5.1-1984,
CRK,component,"Control Station, Recording, Conductivity",,,IEEE 803.1-1992,
CRN,component,Crane (See: Bridge),,,IEEE 803.1-1992,
CRSH,component,Crusher,,,IEEE 803.1-1992,
CRT,component,Cathode Ray Tube,,,IEEE 803.1-1992,
CS,component,"Switch, Conductivity",,,ISA S5.1-1984,
CSL,component,Console,,,IEEE 803.1-1992,
CSV,component,"Valve, Solenoid, Conductivity",,,IEEE 803.1-1992,
CT,component,"Transmitter, Conductivity",,,ISA S5.1-1984,
CTB,component,"Bath, Constant Temperature",,,IEEE 803.1-1992,
CTR,component,Counter,,,IEEE 803.1-1992,
CTW,component,Cooling Tower,,,IEEE 803.1-1992,
CULV,component,Culvert,,,IEEE 803.1-1992,
CYCL,component,Cyclone,,,IEEE 803.1-1992,
DAL,component,Data Logger,,,IEEE 803.1-1992,
DAM,component,Dam,,,IEEE 803.1-1992,
DBLK,component,"Block, Disconnect",,,IEEE 803.1-1992,
DCB,component,Decarbonator,,,IEEE 803.1-1992,
DCC,component,"Controller, Digital Computer",,,IEEE 803.1-1992,
DCL,component,"Coil, Drain",,,IEEE 803.1-1992,
DCOL,component,"Collector, Dust",,,IEEE 803.1-1992,
DEA,component,Deaerator,,,IEEE 803.1-1992,
DEC,component,Decoder,,,IEEE 803.1-1992,
DEM,component,Demodulator,,,IEEE 803.1-1992,
DENA,component,"Analyzer, Density",,,IEEE 803.1-1992,
DET,component,Detector,,,IEEE 803.1-1992,
DG,component,"Generator, Diesel",,,IEEE 803.1-1992,
DGS,component,Degasifier,,,IEEE 803.1-1992,
DHU,component,Dehumidifier,,,IEEE 803.1-1992,
DID,component,Data Input Device,,,IEEE 803.1-1992,
DIF,component,Diffuser,,,IEEE 803.1-1992,
DIKE,component,Dike,,,IEEE 803.1-1992,
DISC,component,Disconnect,,,IEEE 803.1-1992,
DISP,component,Dispenser,,,IEEE 803.1-1992,
DL,component,Dock Leveller,,,IEEE 803.1-1992,
DM,component,Demineralizer (Chemical Driver),,,IEEE 803.1-1992,
DMP,component,Damper,,,IEEE 803.1-1992,
DMST,component,Demister 16 IEEE,,,IEEE 803.1-1992,
DMTR,component,"Meter, Demand",,,IEEE 803.1-1992,
DPT,component,Dashpot,,,IEEE 803.1-1992,
DR,component,Door,,,IEEE 803.1-1992,"code also a SYSTEM (Fuel Oil Receiving Storage, and Transfer System)"
DRIV,component,Drive,,,IEEE 803.1-1992,
DRN,component,Drain,,,IEEE 803.1-1992,
DRY,component,Dryer,,,IEEE 803.1-1992,
DS,component,Drainage Structure,,,IEEE 803.1-1992,
DSH,component,Desuperheater,,,IEEE 803.1-1992,
DSU,component,Data Storage Unit,,,IEEE 803.1-1992,
DTR,component,Distributor,,,IEEE 803.1-1992,
DUCT,component,Plennum (See: Duct),,,IEEE 803.1-1992,
DUMP,component,Dumper,,,IEEE 803.1-1992,
DV,component,"Valve, Diverter",,,IEEE 803.1-1992,
EA,component,"Alarm, Voltage",,,ISA S5.1-1984,code also a SYSTEM (Medium-Voltage Power System (601V through 35 kV))
EB,component,"Isolator, Voltage",,,ISA S5.1-1984,code also a SYSTEM (Medium-Voltage Power System—Class 1E)
EBU,component,"Bus, Earth or (Instrument Station)",,,IEEE 803.1-1992,
EC,component,"Control, Voltage",,,ISA S5.1-1984,code also a SYSTEM (Low-Voltage Power System (600V and less))
ECBD,component,"Board, Electrical Control",,,IEEE 803.1-1992,
ECD,component,Encoder,,,IEEE 803.1-1992,
ECON,component,Economizer,,,IEEE 803.1-1992,
EDC,component,Encoder/Decoder,,,IEEE 803.1-1992,
EDR,component,Eductor,,,IEEE 803.1-1992,
EE,component,"Primary Element, Voltage",,,ISA S5.1-1984,code also a SYSTEM (Instrument and Uninterruptible Power System)
EHTR,component,"Heater, Electric Resistance",,,IEEE 803.1-1992,
EI,component,"Voltmeter (See: Indicator, Voltage)",,,ISA S5.1-1984,code also a SYSTEM (DC Power System)
EIC,component,"Control, Indicating, Voltage",,,ISA S5.1-1984,
EIK,component,"Control Station, Indicating, Voltage",,,ISA S5.1-1984,
EIS,component,"Switch, Indicating, Voltage",,,ISA S5.1-1984,
EIT,component,"Transmitter, Indicating, Voltage",,,ISA S5.1-1984,
EJR,component,Ejector,,,IEEE 803.1-1992,
ELEV,component,Manlift (See: Elevator),,,IEEE 803.1-1992,
EM,component,"Modifier, Voltage",,,IEEE 803.1-1992,
ENCL,component,Enclosure,,,IEEE 803.1-1992,
ENG,component,Engine,,,IEEE 803.1-1992,
EQ,component,"Totalizer, Voltage",,,ISA S5.1-1984,
ER,component,"Recorder, Voltage",,,ISA S5.1-1984,
ERC,component,"Control, Recording, Voltage",,,ISA S5.1-1984,
ET,component,"Transmitter, Voltage",,,ISA S5.1-1984,
EVP,component,Evaporator,,,ISA S5.1-1984,
EXC,component,Exciter,,,IEEE 803.1-1992,
EXH,component,Exhauster,,,IEEE 803.1-1992,
EXJ,component,Expansion Joint,,,IEEE 803.1-1992,
EXP,component,Expander IEEE,,,IEEE 803.1-1992,
EXPD,component,"Detector, Substance, Explosive",,,IEEE 803.1-1992,
EYW,component,Eyewash,,,IEEE 803.1-1992,
FA,component,"Alarm, Flow",,,ISA S5.1-1984,code also a SYSTEM (Cable Raceway System)
FAN,component,Fan,,,IEEE 803.1-1992,
FAR,component,"Arrestor, Flame",,,IEEE 803.1-1992,
FB,component,"Isolator, Flow",,,ISA S5.1-1984,code also a SYSTEM (Cathodic Protection System)
FC,component,"Control, Flow",,,ISA S5.1-1984,code also a SYSTEM (Grounding and Lightning Protection System)
FCO,component,"Control Operator, Flow",,,IEEE 803.1-1992,
FCON,component,"Connector, Flexible",,,IEEE 803.1-1992,
FCU,component,Fan Coil Unit,,,IEEE 803.1-1992,
FCV,component,"Valve, Control, Flow",,,ISA S5.1-1984,
FDM,component,"Demineralizer, Filter",,,IEEE 803.1-1992,
FDN,component,Foundation,,,IEEE 803.1-1992,
FDR,component,Feeder,,,IEEE 803.1-1992,
FE,component,"Primary Element, Flow",,,ISA S5.1-1984,code also a SYSTEM (Heat Tracing System—Class 1E)
FENC,component,Fence,,,IEEE 803.1-1992,
FEXT,component,"Extinguisher, Fire",,,IEEE 803.1-1992,
FFA,component,"Alarm, Flow (Ratio)",,,ISA S5.1-1984,
FFB,component,"Isolator, Flow (Ratio)",,,ISA S5.1-1984,
FFC,component,"Control, Flow (Ratio)",,,ISA S5.1-1984,
FFI,component,"Indicator, Flow (Ratio)",,,ISA S5.1-1984,
FFM,component,"Modifier, Flow (Ratio)",,,IEEE 803.1-1992,
FFR,component,"Recorder, Flow (Ratio)",,,ISA S5.1-1984,
FFS,component,"Switch, Flow (Ratio)",,,ISA S5.1-1984,
FFT,component,"Transmitter, Flow (Ratio)",,,ISA S5.1-1984,
FG,component,"Sight Glass, Flow",,,ISA S5.1-1984,code also a SYSTEM (Standby AC Lighting System)
FHM,component,Fuel Handling Machine,,,IEEE 803.1-1992,
FI,component,"Indicator, Flow",,,ISA S5.1-1984,code also a SYSTEM (Communications System)
FIC,component,"Control, Indicating, Flow",,,ISA S5.1-1984,
FIK,component,"Control Station, Indicating, Flow",,,ISA S5.1-1984,
FILL,component,Fill,,,IEEE 803.1-1992,
FIS,component,"Switch, Indicating, Flow",,,ISA S5.1-1984,
FIT,component,"Transmitter, Indicating, Flow",,,ISA S5.1-1984,
FLBX,component,"Box, Flash",,,IEEE 803.1-1992,
FLOC,component,Floculator,,,IEEE 803.1-1992,
FLR,component,Flare,,,IEEE 803.1-1992,
FLT,component,Filter,,,IEEE 803.1-1992,
FM,component,"Modifier, Flow",,,IEEE 803.1-1992,
FMB,component,Fueling Machine Bridge,,,IEEE 803.1-1992,
FMH,component,Fueling Machine Head,,,IEEE 803.1-1992,
FNT,component,Fountain,,,IEEE 803.1-1992,
FQ,component,"Totalizer, Flow",,,ISA S5.1-1984,
FQA,component,"Alarm, Flow (Totalized)",,,ISA S5.1-1984,
FQB,component,"Isolator, Flow (Totalized)",,,ISA S5.1-1984,
FQI,component,"Indicator, Flow (Totalized)",,,ISA S5.1-1984,
FQIS,component,"Switch, Indicating, Totalizing, Flow 17",,,IEEE 803.1-1992,
FQM,component,"Modifier, Flow (Totalized)",,,ISA S5.1-1984,
FQR,component,"Recorder, Flow (Totalized)",,,ISA S5.1-1984,
FQS,component,"Switch, Flow (Totalized)",,,ISA S5.1-1984,
FQT,component,"Transmitter, Flow (Totalized)",,,ISA S5.1-1984,
FR,component,"Recorder, Flow",,,ISA S5.1-1984,
FRA,component,"Alarm, Fire",,,IEEE 803.1-1992,
FRC,component,"Control, Recording, Flow",,,ISA S5.1-1984,
FRK,component,"Control Station, Recording, Flow",,,ISA S5.1-1984,
FRM,component,Frame,,,IEEE 803.1-1992,
FS,component,"Switch, Flow",,,ISA S5.1-1984,
FSV,component,"Valve, Solenoid, Flow",,,IEEE 803.1-1992,
FT,component,"Transmitter, Flow",,,ISA S5.1-1984,
FU,component,Fuse,,,IEEE 803.1-1992,
FUB,component,Fuse Block,,,IEEE 803.1-1992,
FUBX,component,"Box, Fuse",,,IEEE 803.1-1992,
FURN,component,Oven (See: Furnace),,,IEEE 803.1-1992,
GATE,component,Gate,,,IEEE 803.1-1992,
GBM,component,Gas Bottles and Manifold,,,IEEE 803.1-1992,
GBU,component,"Bus, Ground",,,IEEE 803.1-1992,
GCON,component,"Connector, Ground (Communications)",,,IEEE 803.1-1992,
GDET,component,"Detector, Ground",,,IEEE 803.1-1992,
GDR,component,Guard Rail,,,IEEE 803.1-1992,
GEN,component,Generator,,,IEEE 803.1-1992,
GFI,component,"Interrupter, Ground Fault Circuit",,,IEEE 803.1-1992,
GI,component,"Indicator, Ground",,,IEEE 803.1-1992,
GR,component,Gear,,,IEEE 803.1-1992,
GRL,component,Grille,,,IEEE 803.1-1992,
GSF,component,Gasifier,,,IEEE 803.1-1992,
H,component,Hanger,,,IEEE 803.1-1992,
HC,component,"Control, Hand",,,ISA S5.1-1984,
HCAB,component,"Cabinet, Hose, Fire",,,IEEE 803.1-1992,
HCL,component,"Coil, Heating",,,IEEE 803.1-1992,
HCO,component,"Control Operator, Hand",,,IEEE 803.1-1992,
HCU,component,Hydraulic Control Unit,,,IEEE 803.1-1992,
HCV,component,"Valve, Control Hand",,,IEEE 803.1-1992,
HH,component,Hand Hole,,,IEEE 803.1-1992,
HIC,component,"Control, Indicating, Hand",,,ISA S5.1-1984,
HIS,component,"Switch, Indicating, Hand",,,ISA S5.1-1984,
HOI,component,Hoist,,,IEEE 803.1-1992,
HOSE,component,Hose,,,IEEE 803.1-1992,
HPMP,component,"Pump, Heat",,,IEEE 803.1-1992,
HPR,component,Hopper,,,IEEE 803.1-1992,
HR,component,"Reel, Hose, Fire",,,IEEE 803.1-1992,
HS,component,"Switch, Hand",,,ISA S5.1-1984,
HST,component,Handset/Headset,,,IEEE 803.1-1992,
HU,component,Humidifier,,,IEEE 803.1-1992,
HX,component,"Radiator (See: Exchanger, Heat)",,,IEEE 803.1-1992,
HYD,component,Hydrant,,,IEEE 803.1-1992,
HZM,component,"Meter, Frequency (Hertz)",,,IEEE 803.1-1992,
HZR,component,"Recorder, Frequency",,,IEEE 803.1-1992,
IA,component,"Alarm, Current",,,ISA S5.1-1984,code also a SYSTEM (Security System)
IB,component,"Isolator, Current",,,ISA S5.1-1984,code also a SYSTEM (Annunciator System)
IC,component,"Control, Current",,,ISA S5.1-1984,code also a SYSTEM (Fire Detection System)
ICOM,component,Intercom,,,IEEE 803.1-1992,
IDBX,component,"Box, Intrusion Detector (Premise)",,,IEEE 803.1-1992,
IE,component,"Primary Element, Current",,,ISA S5.1-1984,
IEL,component,"Interlock, Electrical",,,IEEE 803.1-1992,
IGN,component,Ignitor,,,IEEE 803.1-1992,
II,component,"Indicator, Current",,,ISA S5.1-1984,code also a SYSTEM (Loose Parts Monitoring System)
IIC,component,"Control, Indicating, Current",,,ISA S5.1-1984,
IIK,component,"Control Station, Indicating, Current",,,IEEE 803.1-1992,
IIS,component,"Switch, Indicating, Current",,,ISA S5.1-1984,
IIT,component,"Transmitter, Indicating, Current",,,ISA S5.1-1984,
IL,component,"Light, Indicator",,,IEEE 803.1-1992,code also a SYSTEM (Radiation Monitoring System)
IM,component,"Modifier, Current",,,IEEE 803.1-1992,code also a SYSTEM (Temperature Monitoring System)
IMEC,component,"Interlock, Mechanical",,,IEEE 803.1-1992,
IMOD,component,"Module, Instrument",,,IEEE 803.1-1992,
INCN,component,Incinerator,,,IEEE 803.1-1992,
INRT,component,"Inerter, Pulverizer",,,IEEE 803.1-1992,
INS,component,Insulator,,,IEEE 803.1-1992,
INV,component,"Valve, Injection",,,IEEE 803.1-1992,
INVT,component,Inverter,,,IEEE 803.1-1992,
IPBU,component,"Bus, Isolated Phase",,,IEEE 803.1-1992,
IQ,component,"Totalizer, Current",,,ISA S5.1-1984,code also a SYSTEM (Sequence of Events Monitoring System)
IR,component,"Recorder, Current",,,ISA S5.1-1984,code also a SYSTEM (Television System)
IRC,component,"Control, Recording, Current",,,ISA S5.1-1984,
IS,component,"Switch, Current",,,ISA S5.1-1984,code also a SYSTEM (Environmental/Meteorological Monitoring System (Ex PLT))
ISL,component,Insulation,,,IEEE 803.1-1992,
ISV,component,"Valve, Isolation",,,IEEE 803.1-1992,
IT,component,"Transmitter, Current",,,ISA S5.1-1984,code also a SYSTEM (Main Turbine Instrumentation System)
IX,component,"Deionizer (See: Exchanger, Ion)",,,IEEE 803.1-1992,
JA,component,"Alarm, Power",,,ISA S5.1-1984,code also a SYSTEM (Integrated Control System)
JBX,component,"Box, Junction",,,IEEE 803.1-1992,
JC,component,"Control, Power",,,ISA S5.1-1984,code also a SYSTEM (Plant Protection System)
JI,component,"Wattmeter (See: Indicator, Power)",,,ISA S5.1-1984,code also a SYSTEM (Turbine Steam Bypass Control System)
JIC,component,"Control, Indicating, Power",,,ISA S5.1-1984,
JIK,component,"Control Station, Indicating, Power",,,ISA S5.1-1984,
JM,component,"Modifier, Power",,,IEEE 803.1-1992,code also a SYSTEM (Containment Isolation Control System)
JR,component,"Recorder, Power 18 IEEE",,,ISA S5.1-1984,
JRC,component,"Control, Recording, Power",,,ISA S5.1-1984,
JS,component,"Switch, Power",,,ISA S5.1-1984,
JT,component,"Transmitter, Power",,,ISA S5.1-1984,
JWHQ,component,"Totalizer, Power Watthour",,,IEEE 803.1-1992,
JWHT,component,"Transmitter, Power Watthour",,,IEEE 803.1-1992,
JX,component,"Power Supply, Electric",,,IEEE 803.1-1992,
KBD,component,Keyboard,,,IEEE 803.1-1992,
KI,component,"Indicator, Time",,,ISA S5.1-1984,code also a SYSTEM (Raw Water Makeup System)
KIS,component,"Switch, Indicating, Time",,,ISA S5.1-1984,
KPU,component,Kitchen Unit,,,IEEE 803.1-1992,
KQ,component,"Totalizer, Time",,,ISA S5.1-1984,code also a SYSTEM (Fire Protection System (Chemical))
KQI,component,"Indicator, Time (Totalized)",,,ISA S5.1-1984,
KQT,component,"Transmitter, Time (Totalized)",,,ISA S5.1-1984,
LA,component,"Alarm, Level",,,ISA S5.1-1984,code also a SYSTEM (Diesel Lube Oil System)
LADR,component,Ladder,,,IEEE 803.1-1992,
LAR,component,"Arrestor, Lightning",,,IEEE 803.1-1992,
LB,component,"Isolator, Level",,,ISA S5.1-1984,code also a SYSTEM (Diesel Cooling Water System)
LC,component,"Control, Level",,,ISA S5.1-1984,code also a SYSTEM (Diesel Generator Starting Air System)
LCO,component,"Control Operator, Level",,,IEEE 803.1-1992,
LCV,component,"Valve, Control, Level",,,ISA S5.1-1984,
LDC,component,Load Cell,,,IEEE 803.1-1992,
LDS,component,Loudspeaker,,,IEEE 803.1-1992,
LE,component,"Primary Element, Level",,,ISA S5.1-1984,code also a SYSTEM (Essential Air System)
LF,component,Lighting Fixture,,,IEEE 803.1-1992,code also a SYSTEM (Service Air System)
LFS,component,Lift Station,,,IEEE 803.1-1992,
LG,component,"Sight Glass, Level",,,ISA S5.1-1984,code also a SYSTEM (Welding Gas System)
LI,component,"Indicator, Level",,,ISA S5.1-1984,
LIC,component,"Control, Indicating, Level",,,ISA S5.1-1984,
LIK,component,"Control Station, Indicating, Level",,,ISA S5.1-1984,
LIS,component,"Switch, Indicating, Level",,,ISA S5.1-1984,
LIT,component,"Transmitter, Indicating, Level",,,ISA S5.1-1984,
LIX,component,Lixator,,,IEEE 803.1-1992,
LM,component,"Modifier, Level",,,ISA S5.1-1984,code also a SYSTEM (Lube Oil Storage and Transfer System)
LNR,component,Liner,,,IEEE 803.1-1992,
LOV,component,"Valve, Leakoff",,,IEEE 803.1-1992,
LR,component,"Recorder, Level",,,ISA S5.1-1984,code also a SYSTEM (Material and Equipment Handling System)
LRC,component,"Control, Recording, Level (Unit Start or Cable)",,,ISA S5.1-1984,
LRK,component,"Control Station, Recording, Level",,,ISA S5.1-1984,
LS,component,"Switch, Level",,,ISA S5.1-1984,code also a SYSTEM (Plant Shop System)
LSV,component,"Valve, Solenoid, Level",,,IEEE 803.1-1992,
LT,component,"Transmitter, Level",,,ISA S5.1-1984,code also a SYSTEM (Record Storage System)
LTU,component,Line Tuning Unit,,,IEEE 803.1-1992,
LU,component,Lubricator,,,IEEE 803.1-1992,code also a SYSTEM (Yard Handling and Maintenance System)
LV,component,Louver,,,IEEE 803.1-1992,code also a SYSTEM (Plant Hot Water System)
MA,component,"Alarm, Moisture",,,IEEE 803.1-1992,code also a SYSTEM (Administration Building)
MAG,component,Magnet IEEE,,,IEEE 803.1-1992,
MB,component,"Isolator, Moisture",,,IEEE 803.1-1992,code also a SYSTEM (Industrial/Sanitary Waste Treatment Building)
MBX,component,"Box, Motor Terminal",,,IEEE 803.1-1992,
MC,component,"Control, Moisture",,,ISA S5.1-1984,code also a SYSTEM (Maintenance and Warehouse Building)
MCBD,component,Control Board (Main),,,IEEE 803.1-1992,
MCC,component,"Control Center, Motor",,,IEEE 803.1-1992,
MDR,component,Modulator,,,IEEE 803.1-1992,
MDTR,component,"Detector, Metal",,,IEEE 803.1-1992,
ME,component,"Primary Element, Moisture",,,ISA S5.1-1984,
MG,component,"Generator Set, Motor",,,IEEE 803.1-1992,code also a SYSTEM (Wastewater Outfall Structure)
MH,component,Manhole,,,IEEE 803.1-1992,code also a SYSTEM (Water Treatment Building)
MI,component,"Indicator, Moisture",,,ISA S5.1-1984,
MIC,component,"Control, Indicating, Moisture",,,ISA S5.1-1984,
MIK,component,"Control Station, Indicating, Moisture",,,ISA S5.1-1984,
MIKE,component,Microphone,,,IEEE 803.1-1992,
MIS,component,"Switch, Indicating, Moisture",,,ISA S5.1-1984,
MIT,component,"Transmitter, Indicating, Moisture",,,IEEE 803.1-1992,
MIX,component,Mixer,,,IEEE 803.1-1992,
MJB,component,"Breaker, Junction, Monitored",,,IEEE 803.1-1992,
MM,component,"Modifier, Moisture",,,IEEE 803.1-1992,
MO,component,Motor,,,IEEE 803.1-1992,
MOD,component,"Disconnect, Motor Operated",,,IEEE 803.1-1992,
MODE,component,Modem (Combined Modulator-Demodulator),,,IEEE 803.1-1992,
MON,component,Monitor,,,IEEE 803.1-1992,
MPX,component,Multiplexer,,,IEEE 803.1-1992,
MR,component,"Recorder, Moisture",,,ISA S5.1-1984,
MRBD,component,"Board, Main Relay (SWYD)",,,IEEE 803.1-1992,
MRC,component,"Control, Recording, Moisture",,,ISA S5.1-1984,
MS,component,"Switch, Moisture",,,ISA S5.1-1984,
MSHD,component,"Shield, Missile",,,IEEE 803.1-1992,
MSR,component,"Separator, Reheater, Moisture",,,IEEE 803.1-1992,
MSTR,component,"Motor, Starter",,,IEEE 803.1-1992,
MT,component,"Transmitter, Moisture",,,ISA S5.1-1984,
MTR,component,Meter,,,IEEE 803.1-1992,
MWRX,component,"Receiver, Microwave",,,IEEE 803.1-1992,
MWTX,component,"Transmitter, Microwave",,,IEEE 803.1-1992,
NEU,component,Neutralizer,,,IEEE 803.1-1992,
NSBU,component,"Bus, Nonsegregrating PH, Metal Enclosure",,,IEEE 803.1-1992,
NZL,component,Nozzle,,,IEEE 803.1-1992,
OB,component,"Isolator, Optic",,,ISA S5.1-1984,
OBX,component,"Box, Outlet",,,IEEE 803.1-1992,
ODSK,component,"Desk, Operators",,,IEEE 803.1-1992,
OGUN,component,"Gun, Oil",,,IEEE 803.1-1992,
OHM,component,"Meter, Q Hour",,,IEEE 803.1-1992,
OR,component,Pressure Breakdown Device (See: Orifice),,,IEEE 803.1-1992,
OSC,component,Oscilloscope 19,,,IEEE 803.1-1992,
OSG,component,Oscillograph,,,IEEE 803.1-1992,
OSL,component,Oscillator,,,IEEE 803.1-1992,
OUT,component,Outlet,,,IEEE 803.1-1992,
OWND,component,"Window, Observation",,,IEEE 803.1-1992,
OXID,component,Oxidizer,,,IEEE 803.1-1992,
P,component,Pump,,,IEEE 803.1-1992,
PA,component,"Alarm, Pressure",,,ISA S5.1-1984,
PB,component,"Isolator, Pressure",,,ISA S5.1-1984,
PBX,component,"Box, Pull",,,IEEE 803.1-1992,
PC,component,"Control, Pressure",,,ISA S5.1-1984,
PCO,component,"Control Operator, Pressure",,,IEEE 803.1-1992,
PCP,component,Precipitator,,,IEEE 803.1-1992,
PCV,component,"Valve, Control, Pressure",,,ISA S5.1-1984,
PD,component,Potential Device,,,IEEE 803.1-1992,
PDA,component,"Alarm, Differential, Pressure",,,ISA S5.1-1984,
PDB,component,"Isolator, Differential, Pressure",,,ISA S5.1-1984,
PDC,component,"Control, Differential, Pressure",,,ISA S5.1-1984,
PDCO,component,"Control Operator, Differential, Pressure",,,IEEE 803.1-1992,
PDCV,component,"Valve, Control, Differential, Pressure Device)",,,ISA S5.1-1984,
PDE,component,"Primary Element, Differential, Pressure",,,ISA S5.1-1984,
PDI,component,"Indicator, Differential, Pressure",,,ISA S5.1-1984,
PDIC,component,"Control, Indicating, Differential, Pressure",,,ISA S5.1-1984,
PDIK,component,"Control Station, Indicating, Differential,",,,IEEE 803.1-1992,
PDIS,component,"Switch, Indicating, Differential, Pressure",,,ISA S5.1-1984,
PDIT,component,"Transmitter, Indicating, Differential,",,,IEEE 803.1-1992,
PDM,component,"Modifier, Differential, Pressure",,,IEEE 803.1-1992,
PDR,component,"Recorder, Differential Pressure",,,ISA S5.1-1984,
PDRC,component,"Control, Recording, Differential, Pressure",,,ISA S5.1-1984,
PDRK,component,"Control Station, Recording, Differential",,,IEEE 803.1-1992,
PDS,component,"Switch, Differential, Pressure",,,ISA S5.1-1984,
PDSV,component,"Valve, Solenoid, Differential, Pressure",,,IEEE 803.1-1992,
PDT,component,"Transmitter, Differential, Pressure",,,ISA S5.1-1984,
PE,component,"Primary Element, Pressure",,,ISA S5.1-1984,
PEC,component,Photoelectric Cell,,,IEEE 803.1-1992,
PED,component,Pedestal,,,IEEE 803.1-1992,
PEN,component,Penetration,,,IEEE 803.1-1992,
PFM,component,"Meter, Power Factor",,,IEEE 803.1-1992,
PFR,component,Purifier,,,IEEE 803.1-1992,
PHA,component,"Analyzer, PH",,,IEEE 803.1-1992,
PHE,component,Primary Element,,,IEEE 803.1-1992,
PI,component,"Indicator, Pressure",,,ISA S5.1-1984,
PIC,component,"Control, Indicating, Pressure",,,ISA S5.1-1984,
PIK,component,"Control Station, Indicating, Pressure",,,ISA S5.1-1984,
PIM,component,"Modifier, Indicator, Pressure",,,IEEE 803.1-1992,
PIS,component,"Switch, Indicating, Pressure",,,ISA S5.1-1984,
PIT,component,"Transmitter, Indicating, Pressure",,,ISA S5.1-1984,
PJR,component,Projector,,,IEEE 803.1-1992,
PKLT,component,Parking Lot,,,IEEE 803.1-1992,
PL,component,Panel,,,IEEE 803.1-1992,
PLAT,component,Platform,,,IEEE 803.1-1992,
PLAY,component,Player,,,IEEE 803.1-1992,
PLCR,component,"Carrier, Power Line",,,IEEE 803.1-1992,
PLOT,component,Printer/Plotter,,,IEEE 803.1-1992,
PM,component,"Modifier, Pressure",,,IEEE 803.1-1992,
PMC,component,"Controller, Programmable",,,IEEE 803.1-1992,
PMG,component,"Generator, Permanent Magnet",,,IEEE 803.1-1992,
PR,component,"Recorder, Pressure",,,ISA S5.1-1984,
PRC,component,"Control, Recording, Pressure",,,ISA S5.1-1984,
PRK,component,"Control Station, Recording, Pressure",,,ISA S5.1-1984,
PRNT,component,Printer,,,IEEE 803.1-1992,
PS,component,"Switch, Pressure",,,ISA S5.1-1984,
PSD,component,"Reactor, Phase Correction (See: Phase Shifting",,,IEEE 803.1-1992,
PSF,component,Pipe Fittings,,,IEEE 803.1-1992,
PSP,component,Pipe (Spool),,,IEEE 803.1-1992,
PSV,component,"Valve, Solenoid, Pressure",,,IEEE 803.1-1992,
PSX,component,Piping Specialities,,,IEEE 803.1-1992,
PULV,component,Pulverizer,,,IEEE 803.1-1992,
PYRO,component,Pyrometer,,,IEEE 803.1-1992,
QHM,component,"Meter, Q Hour",,,IEEE 803.1-1992,
RA,component,"Alarm, Radiation",,,ISA S5.1-1984,
RADO,component,Radio,,,IEEE 803.1-1992,
RADS,component,"Source, Radiation",,,IEEE 803.1-1992,
RBLR,component,Reboiler,,,IEEE 803.1-1992,
RCB,component,Recombiner,,,IEEE 803.1-1992,
RCL,component,Reclaimer,,,IEEE 803.1-1992,
RCP,component,Receptacle,,,IEEE 803.1-1992,
RCT,component,Reactor (Nuclear),,,IEEE 803.1-1992,
RCV,component,Receiver,,,IEEE 803.1-1992,
RDR,component,Reader,,,IEEE 803.1-1992,
RE,component,"Primary Element, Radiation",,,ISA S5.1-1984,
RECT,component,Rectifier,,,IEEE 803.1-1992,
REF,component,Refrigerator,,,IEEE 803.1-1992,
RES,component,"Resistor, Grounding",,,IEEE 803.1-1992,
RFL,component,Reflector,,,IEEE 803.1-1992,
RFR,component,Refractor,,,IEEE 803.1-1992,
RFU,component,Refrigeration Unit,,,IEEE 803.1-1992,
RG,component,Regulator,,,IEEE 803.1-1992,
RGEN,component,Regenerator,,,IEEE 803.1-1992,
RGR,component,"Gear, Reduction 20 IEEE",,,IEEE 803.1-1992,
RHE,component,Rheostat,,,IEEE 803.1-1992,
RHTR,component,Reheater,,,IEEE 803.1-1992,
RI,component,"Indicator, Radiation",,,ISA S5.1-1984,
RIBD,component,"Board, Recorder Instrument (SWYD)",,,IEEE 803.1-1992,
RIS,component,"Switch, Indicating, Radiation",,,ISA S5.1-1984,
RIT,component,"Transmitter, Indicating, Radiation",,,ISA S5.1-1984,
RJX,component,"Power Supply, Electric, Regulated",,,IEEE 803.1-1992,
RK,component,Rack,,,IEEE 803.1-1992,
RLRD,component,Railroad,,,IEEE 803.1-1992,
RLY,component,Relay,,,IEEE 803.1-1992,
RM,component,"Modifier, Radiation",,,IEEE 803.1-1992,
ROAD,component,Road,,,IEEE 803.1-1992,
ROD,component,Rod,,,IEEE 803.1-1992,
ROU,component,"Osmosis Unit, Reverse",,,IEEE 803.1-1992,
RPD,component,Rupture Disc,,,IEEE 803.1-1992,
RPV,component,"Vessel, Reactor",,,IEEE 803.1-1992,
RR,component,"Recorder, Radiation",,,ISA S5.1-1984,
RT,component,"Transmitter, Radiation",,,ISA S5.1-1984,
RTV,component,"Valve, Root",,,IEEE 803.1-1992,
RV,component,"Valve, Relief Package)",,,IEEE 803.1-1992,
RVR,component,Reservoir,,,IEEE 803.1-1992,
SA,component,"Alarm, speed",,,ISA S5.1-1984,code also a SYSTEM (Auxiliary Steam System)
SAMP,component,Sampler,,,IEEE 803.1-1992,
SB,component,"Isolator, Speed",,,ISA S5.1-1984,code also a SYSTEM (Main/Reheat Steam System)
SBLO,component,"Blower, Soot",,,IEEE 803.1-1992,
SBX,component,"Box, Splitter",,,IEEE 803.1-1992,
SC,component,"Control, Speed",,,ISA S5.1-1984,
SCB,component,Scrubber,,,IEEE 803.1-1992,
SCL,component,Scale,,,IEEE 803.1-1992,
SCN,component,Screen,,,IEEE 803.1-1992,
SCO,component,"Control Operator, Speed",,,IEEE 803.1-1992,
SCR,component,"Rectifier, Silicon Controlled",,,IEEE 803.1-1992,
SCRD,component,"Card Reader, Security",,,IEEE 803.1-1992,
SCRP,component,Scraper,,,IEEE 803.1-1992,
SCV,component,"Valve, Control, Speed",,,ISA S5.1-1984,
SD,component,Steam Drum,,,IEEE 803.1-1992,code also a SYSTEM (Condensate System)
SE,component,"Primary Element, Speed",,,ISA S5.1-1984,code also a SYSTEM (Steam Extraction System)
SEAL,component,Seal,,,IEEE 803.1-1992,
SEL,component,Selector,,,IEEE 803.1-1992,
SEP,component,Separator,,,IEEE 803.1-1992,
SESE,component,"Primary Element, Seismic",,,IEEE 803.1-1992,
SESR,component,"Recorder, Seismic",,,IEEE 803.1-1992,
SEWL,component,Sea Wall,,,IEEE 803.1-1992,
SG,component,"Generator, Steam",,,IEEE 803.1-1992,code also a SYSTEM (Condenser System)
SH,component,Superheater,,,IEEE 803.1-1992,code also a SYSTEM (Condenser Vacuum System)
SHR,component,Shower,,,IEEE 803.1-1992,
SHTR,component,"Heater, Steam",,,IEEE 803.1-1992,
SHV,component,"Valve, Shutoff",,,IEEE 803.1-1992,
SI,component,"Indicator, Speed",,,ISA S5.1-1984,code also a SYSTEM (Condenser Tube Cleaning System)
SIC,component,"Control, Indicating, Speed",,,ISA S5.1-1984,
SIK,component,"Control Station, Indicating, Speed",,,ISA S5.1-1984,
SIL,component,Silencer,,,IEEE 803.1-1992,
SILO,component,Silo,,,IEEE 803.1-1992,
SIS,component,"Switch, Indicating, Speed",,,ISA S5.1-1984,
SIT,component,"Transmitter, Indicating, Speed",,,ISA S5.1-1984,
SKR,component,Skimmer,,,IEEE 803.1-1992,
SLKR,component,Slaker,,,IEEE 803.1-1992,
SLV,component,Sleeve,,,IEEE 803.1-1992,
SM,component,"Modifier, Speed",,,IEEE 803.1-1992,code also a SYSTEM (LP Heater Drains and Vents System)
SMV,component,"Valve, Sample",,,IEEE 803.1-1992,
SNB,component,Snubber,,,IEEE 803.1-1992,
SNK,component,Sink,,,IEEE 803.1-1992,
SOL,component,Solenoid,,,IEEE 803.1-1992,
SPK,component,Speaker,,,IEEE 803.1-1992,
SPL,component,"Splitter, RF",,,IEEE 803.1-1992,
SPP,component,"Protector, Surge (See: Surge Protection",,,IEEE 803.1-1992,
SPT,component,Support,,,IEEE 803.1-1992,
SPTR,component,Spectrometer,,,IEEE 803.1-1992,
SPWY,component,Spillway,,,IEEE 803.1-1992,
SR,component,"Recorder, Speed",,,ISA S5.1-1984,
SRC,component,"Control, Recording, Speed",,,ISA S5.1-1984,
SRNK,component,Sprinkler,,,IEEE 803.1-1992,
SS,component,"Switch, Speed",,,ISA S5.1-1984,
SSBU,component,"Bus, Substation",,,IEEE 803.1-1992,
SSHR,component,"Shower, Safety",,,IEEE 803.1-1992,
SSV,component,"Valve, Solenoid, Speed",,,IEEE 803.1-1992,
ST,component,"Transmitter, Speed",,,ISA S5.1-1984,
STA,component,Stair,,,IEEE 803.1-1992,
STC,component,"Controller, Step",,,IEEE 803.1-1992,
STKR,component,Stacker,,,IEEE 803.1-1992,
STLG,component,Stop Log,,,IEEE 803.1-1992,
STR,component,Strainer,,,IEEE 803.1-1992,
STRC,component,Stacker/Reclaimer,,,IEEE 803.1-1992,
SUMP,component,Sump,,,IEEE 803.1-1992,
SWGR,component,Switchgear,,,IEEE 803.1-1992,
SYN,component,Synchronoscope,,,IEEE 803.1-1992,
TA,component,"Alarm, Temperature",,,ISA S5.1-1984,code also a SYSTEM (Main Turbine System)
TAC,component,Tachometer,,,IEEE 803.1-1992,
TB,component,"Isolator, Temperature",,,ISA S5.1-1984,code also a SYSTEM (Main Generator System)
TBG,component,Tubing,,,IEEE 803.1-1992,
TBLK,component,"Block, Trip Cutout",,,IEEE 803.1-1992,
TC,component,"Control, Temperature",,,ISA S5.1-1984,code also a SYSTEM (Turbine Steam Seal System)
TCO,component,"Control Operator, Temperature",,,IEEE 803.1-1992,
TCV,component,"Valve, Control, Temperature",,,ISA S5.1-1984,
TD,component,Transducer 21 IEEE,,,IEEE 803.1-1992,code also a SYSTEM (Turbine Lube Oil System)
TDB,component,"Isolator, Differential, Temperature",,,ISA S5.1-1984,
TDC,component,"Control, Differential, Temperature",,,ISA S5.1-1984,
TDI,component,"Indicator, Differential, Temperature",,,IEEE 803.1-1992,
TDIT,component,"Transmitter, Indicating, Differential,",,,IEEE 803.1-1992,
TDM,component,"Modifier, Differential, Temperature",,,IEEE 803.1-1992,
TDR,component,"Recorder, Differential Temperature",,,ISA S5.1-1984,
TDS,component,"Switch, Differential, Temperature",,,ISA S5.1-1984,
TDT,component,"Transmitter, Differential, Temperature",,,ISA S5.1-1984,
TE,component,"Primary Element, Temperature",,,ISA S5.1-1984,code also a SYSTEM (Miscellaneous Turbine Vents System)
TEL,component,Telephone,,,IEEE 803.1-1992,
TELE,component,Television,,,IEEE 803.1-1992,
TG,component,"Generator, Turbine",,,IEEE 803.1-1992,code also a SYSTEM (Main Turbine Control Fluid System)
TGR,component,"Gear, Turning",,,IEEE 803.1-1992,
TH,component,Thermostat,,,IEEE 803.1-1992,code also a SYSTEM (Main Generator Gas Purge System)
TI,component,"Indicator, Temperature",,,ISA S5.1-1984,code also a SYSTEM (Main Generator Seal Oil System)
TIC,component,"Control, Indicating, Temperature",,,ISA S5.1-1984,
TIK,component,"Control Station, Indicating, Temperature",,,IEEE 803.1-1992,
TIS,component,"Switch, Indicating, Temperature",,,ISA S5.1-1984,
TIT,component,"Transmitter, Indicating, Temperature",,,ISA S5.1-1984,
TK,component,Tank,,,IEEE 803.1-1992,code also a SYSTEM (Main Generator Hydrogen Cooling System)
TLM,component,Telemeter,,,IEEE 803.1-1992,
TM,component,"Modifier, Temperature",,,IEEE 803.1-1992,
TMR,component,Timer,,,IEEE 803.1-1992,
TMRC,component,Transmitter-Receiver,,,IEEE 803.1-1992,
TMTR,component,"Meter, Temperature",,,IEEE 803.1-1992,
TPR,component,Tripper,,,IEEE 803.1-1992,
TPRB,component,"Probe, Temperature",,,IEEE 803.1-1992,
TPW,component,Typewriter,,,IEEE 803.1-1992,
TR,component,"Recorder, Temperature",,,ISA S5.1-1984,
TRB,component,Turbine,,,IEEE 803.1-1992,
TRC,component,"Control, Recording, Temperature",,,ISA S5.1-1984,
TRK,component,"Control Station, Recording, Temperature",,,ISA S5.1-1984,
TRLY,component,Trolley,,,IEEE 803.1-1992,
TRNS,component,Turnstile,,,IEEE 803.1-1992,
TRP,component,Trap,,,IEEE 803.1-1992,
TRS,component,"Switch, Recording, Temperature",,,ISA S5.1-1984,
TS,component,"Switch, Temperature",,,ISA S5.1-1984,
TSV,component,"Valve, Solenoid, Temperature",,,IEEE 803.1-1992,
TT,component,"Transmitter, Temperature",,,ISA S5.1-1984,
TTC,component,"Tap Changer, Transformer",,,IEEE 803.1-1992,
TTV,component,"Valve, Telltale",,,IEEE 803.1-1992,
TTY,component,Teletypewriter,,,IEEE 803.1-1992,
TUN,component,Tunnel,,,IEEE 803.1-1992,
TUR,component,Turret,,,IEEE 803.1-1992,
TV,component,"Valve, Test",,,IEEE 803.1-1992,
TVC,component,"Camera, TV",,,IEEE 803.1-1992,
TW,component,Thermowell,,,IEEE 803.1-1992,
TWR,component,Tower,,,IEEE 803.1-1992,
TY,component,"Tray, Cable",,,IEEE 803.1-1992,
UDMP,component,"Damper, Unidirectional (Back-Draft)",,,IEEE 803.1-1992,
UJX,component,"Power Supply, Uninterruptible",,,IEEE 803.1-1992,
UNLD,component,Unloader,,,IEEE 803.1-1992,
URN,component,Urinal,,,IEEE 803.1-1992,
USC,component,Ultrasonic Cleaner,,,IEEE 803.1-1992,
USS,component,Unit Substation,,,IEEE 803.1-1992,
V,component,Valve,,,IEEE 803.1-1992,
VA,component,"Alarm, Vibration",,,ISA S5.1-1984,code also a SYSTEM (Reactor Building Environmental Control System)
VACB,component,"Breaker, Vacuum",,,IEEE 803.1-1992,
VACP,component,"Pump, Vacuum",,,IEEE 803.1-1992,
VARM,component,"Meter, Var (Voltampere-Reactive)",,,IEEE 803.1-1992,
VART,component,"Transmitter, (Voltampere-Reactive)",,,IEEE 803.1-1992,
VB,component,"Isolator, Vibration",,,ISA S5.1-1984,code also a SYSTEM (Drywell Environmental Control System (BWR))
VBR,component,Vibrator,,,IEEE 803.1-1992,
VBX,component,"Box, Valve",,,IEEE 803.1-1992,
VE,component,"Primary Element, Vibration",,,ISA S5.1-1984,code also a SYSTEM (Access Corridors Environmental Control System)
VI,component,"Indicator, Vibration",,,ISA S5.1-1984,code also a SYSTEM (Control Building/Control Complex Environmental Control System)
VIBM,component,"Meter, Vibration",,,IEEE 803.1-1992,
VIS,component,"Switch, Indicating, Vibration",,,ISA S5.1-1984,
VISA,component,"Analyzer, Viscosity",,,IEEE 803.1-1992,
VIT,component,"Transmitter, Indicating, Vibration",,,ISA S5.1-1984,
VLR,component,Ventilator,,,IEEE 803.1-1992,
VM,component,"Modifier, Vibration",,,IEEE 803.1-1992,
VOP,component,"Operator, Valve",,,IEEE 803.1-1992,
VPR,component,Vaporizer,,,IEEE 803.1-1992,
VR,component,"Recorder, Vibration",,,ISA S5.1-1984,
VRC,component,Variac,,,IEEE 803.1-1992,
VS,component,"Switch, Vibration",,,ISA S5.1-1984,
VSL,component,Vessel,,,IEEE 803.1-1992,
VSM,component,"Meter, Voltage Squared",,,IEEE 803.1-1992,
VT,component,"Transmitter, Vibration",,,ISA S5.1-1984,
VTV,component,"Valve, Vent",,,IEEE 803.1-1992,
VUH,component,Unit Heater,,,IEEE 803.1-1992,
VX,component,"Extractor, Vapor",,,IEEE 803.1-1992,
WA,component,"Alarm, Weight or Force",,,ISA S5.1-1984,code also a SYSTEM (Cask Decontamination System)
WB,component,"Isolator, Weight or Force",,,ISA S5.1-1984,code also a SYSTEM (Solid Waste Management System)
WBLR,component,"Boiler, Waste Heat",,,IEEE 803.1-1992,
WC,component,Water Closet,,,IEEE 803.1-1992,
WE,component,"Primary Element, Weight or Force",,,IEEE 803.1-1992,code also a SYSTEM (Gaseous Waste Management System (PWR))
WEIR,component,Weir,,,IEEE 803.1-1992,
WEL,component,"Wire, Electrical",,,IEEE 803.1-1992,
WGU,component,Wave Guide,,,IEEE 803.1-1992,
WGUN,component,"Gun, Warmup",,,IEEE 803.1-1992,
WHA,component,Water Hammer Arrestor,,,IEEE 803.1-1992,
WHM,component,"Meter, Watthour 22 IEEE",,,IEEE 803.1-1992,
WI,component,"Indicator, Weight or Force",,,ISA S5.1-1984,code also a SYSTEM (Steam Generator Blowdown System (PWR))
WIS,component,"Switch, Indicating, Weight or Force",,,ISA S5.1-1984,
WIT,component,"Transmitter, Indicating, Weight or Force",,,ISA S5.1-1984,
WM,component,"Modifier, Weight or Force",,,IEEE 803.1-1992,
WNE,component,"Wire, Nonelectrical",,,IEEE 803.1-1992,
WR,component,"Recorder, Weight or Force",,,ISA S5.1-1984,
WRE,component,"Primary Element, Wear",,,IEEE 803.1-1992,
WSH,component,"Washer, Air",,,IEEE 803.1-1992,
WSM,component,Wash Machine,,,IEEE 803.1-1992,
WW,component,Waterwall,,,IEEE 803.1-1992,
XA,component,"Alarm, Special",,,ISA S5.1-1984,
XB,component,"Isolator, Special",,,ISA S5.1-1984,
XC,component,"Control, Special",,,ISA S5.1-1984,
XCO,component,"Control Operator, Special",,,IEEE 803.1-1992,
XCT,component,"Transformer, Current",,,IEEE 803.1-1992,
XCV,component,"Valve, Control, Special",,,IEEE 803.1-1992,
XFMR,component,Transformer,,,IEEE 803.1-1992,
XI,component,"Indicator, Special",,,ISA S5.1-1984,
XIC,component,"Control, Indicating, Special",,,ISA S5.1-1984,
XIK,component,"Control Station, Indicating, Special",,,ISA S5.1-1984,
XIS,component,"Switch, Indicating, Special",,,ISA S5.1-1984,
XIT,component,"Transmitter, Indicating, Special",,,ISA S5.1-1984,
XM,component,"Modifier, Special",,,IEEE 803.1-1992,
XPT,component,"Transformer, Potential",,,IEEE 803.1-1992,
XR,component,"Recorder, Special",,,ISA S5.1-1984,
XRAY,component,"Unit, Security, X-Ray",,,IEEE 803.1-1992,
XRC,component,"Control, Recording, Special",,,ISA S5.1-1984,
XRK,component,"Control Station, Recording, Special",,,ISA S5.1-1984,
XT,component,"Transmitter, Special",,,ISA S5.1-1984,
ZA,component,"Alarm, Zone (Position)",,,ISA S5.1-1984,
ZC,component,"Control, Zone (Position)",,,ISA S5.1-1984,
ZE,component,"Primary Element, Zone (Position)",,,ISA S5.1-1984,
ZI,component,"Indicator, Zone (Position)",,,ISA S5.1-1984,
ZIC,component,"Control, Indicating, Zone (Position)",,,ISA S5.1-1984,
ZIS,component,"Switch, Indicating, Zone (Position)",,,ISA S5.1-1984,
ZM,component,"Modifier, Zone (Position)",,,IEEE 803.1-1992,
ZS,component,"Switch, Limit (Zone)",,,ISA S5.1-1984,
ZT,component,"Transmitter, Zone (Position) Footnote 2. Footnote 1. 23",,,IEEE 803.1-1992,
